Ticker,Exchange,Industry
AFTM,OOTC,broadcasting
ATUS,XNYS,broadcasting
AMRU,OOTC,broadcasting
AMCX,XNAS,broadcasting
ANGH,XNAS,broadcasting
AIOSF,OOTC,broadcasting
ATVDY,OOTC,broadcasting
AUDA,OOTC,broadcasting
AUUD,XNAS,broadcasting
BTDG,OOTC,broadcasting
BBTVF,OOTC,broadcasting
BBGI,XNAS,broadcasting
BILI,XNAS,broadcasting
BKMP,OOTC,broadcasting
BABL,OOTC,broadcasting
CABO,XNYS,broadcasting
USA,OOTC,broadcasting
CVHSY,OOTC,broadcasting
CHTR,XNAS,broadcasting
CSSEN,XNAS,broadcasting
CSSE,XNAS,broadcasting
CSSEP,XNAS,broadcasting
CGEAF,OOTC,broadcasting
CMCSA,XNAS,broadcasting
CNXA,XNAS,broadcasting
CJREF,OOTC,broadcasting
CMLS,XNAS,broadcasting
CURI,XNAS,broadcasting
DCLT,OOTC,broadcasting
DISH,XNAS,broadcasting
SSP,XNAS,broadcasting
EMMS,OOTC,broadcasting
EVC,XNYS,broadcasting
EUTLF,OOTC,broadcasting
E3B,XETR,broadcasting
ETCMY,OOTC,broadcasting
EWR C,OOTC,broadcasting
FOX,XNAS,broadcasting
FJTNF,OOTC,broadcasting
FJTNY,OOTC,broadcasting
GAIA,XNAS,broadcasting
GMETF,OOTC,broadcasting
GSMG,XNAS,broadcasting
GTN,XNYS,broadcasting
GTN.A,XNYS,broadcasting
TV,XNYS,broadcasting
HAIVF,OOTC,broadcasting
HKTVY,OOTC,broadcasting
HUYA,XNYS,broadcasting
ICABF,OOTC,broadcasting
ICABY,OOTC,broadcasting
ILIM,OOTC,broadcasting
IMNG,OOTC,broadcasting
IQ,XNAS,broadcasting
ITVPY,OOTC,broadcasting
KA8,XETR,broadcasting
DPSM,OOTC,computer_consumerElectronics
DDD,XNYS,computer_consumerElectronics
DDDX,OOTC,computer_consumerElectronics
ACEYY,OOTC,computer_consumerElectronics
ATCLF,OOTC,computer_consumerElectronics
AGYS,XNAS,computer_consumerElectronics
AIRG,XNAS,computer_consumerElectronics
AAPL,XNAS,computer_consumerElectronics
APC,XETR,computer_consumerElectronics
ARHTF,OOTC,computer_consumerElectronics
ALOT,XNAS,computer_consumerElectronics
ASUUY,OOTC,computer_consumerElectronics
AUOTY,OOTC,computer_consumerElectronics
BLKLF,OOTC,computer_consumerElectronics
SQ,XNYS,computer_consumerElectronics
SQ3,XETR,computer_consumerElectronics
BOXL,XNAS,computer_consumerElectronics
BRTHY,OOTC,computer_consumerElectronics
CBEX,OOTC,computer_consumerElectronics
CAJFF,OOTC,computer_consumerElectronics
CAJPY,OOTC,computer_consumerElectronics
CTLP,XNAS,computer_consumerElectronics
CTLPP,OOTC,computer_consumerElectronics
CSIOF,OOTC,computer_consumerElectronics
CSIOY,OOTC,computer_consumerElectronics
CCUR,OOTC,computer_consumerElectronics
C3RY,XETR,computer_consumerElectronics
CIRX,OOTC,computer_consumerElectronics
DAKT,XNAS,computer_consumerElectronics
DAM,XETR,computer_consumerElectronics
DM,XNYS,computer_consumerElectronics
TGT,XETR,printing_publishing
KRKR,XNAS,printing_publishing
ATXG,XNAS,printing_publishing
ADMQ,OOTC,printing_publishing
ATIF,XNAS,printing_publishing
ATHM,XNYS,printing_publishing
BST,XETR,printing_publishing
BZFD,XNAS,printing_publishing
CHLLF,OOTC,printing_publishing
CMPR,XNAS,printing_publishing
CMPO,XNAS,printing_publishing
CRMZ,OOTC,printing_publishing
DNPLY,OOTC,printing_publishing
DJCO,XNAS,printing_publishing
DALN,XNAS,printing_publishing
DCMDF,OOTC,printing_publishing
DELRF,OOTC,printing_publishing
DLUEY,OOTC,printing_publishing
DLAD,OOTC,printing_publishing
DELCF,OOTC,printing_publishing
DPUI,OOTC,printing_publishing
DNB,XNYS,printing_publishing
EBF,XNYS,printing_publishing
EQS,XETR,printing_publishing
EXPI,XNAS,printing_publishing
FDS,XNYS,printing_publishing
GCI,XNYS,printing_publishing
