ticker,exchange,industry,sector
SAYFF,OOTC,business_services,businessConsumer_services
FRRFF,OOTC,business_services,businessConsumer_services
ABM,XNYS,business_services,businessConsumer_services
ACN,XNYS,business_services,businessConsumer_services
ILLM,XNAS,business_services,businessConsumer_services
APM,XETR,business_services,businessConsumer_services
AHEXF,OOTC,business_services,businessConsumer_services
AHEXY,OOTC,business_services,businessConsumer_services
ATGE,XNYS,business_services,businessConsumer_services
ADTH,XNAS,business_services,businessConsumer_services
ADV,XNAS,business_services,businessConsumer_services
AGXXF,OOTC,business_services,businessConsumer_services
AIMFF,OOTC,business_services,businessConsumer_services
ANTE,XNAS,business_services,businessConsumer_services
AKCCF,OOTC,business_services,businessConsumer_services
CPBLF,OOTC,business_services,businessConsumer_services
ASPS,XNAS,business_services,businessConsumer_services
AAD,XETR,business_services,businessConsumer_services
AMMJ,OOTC,business_services,businessConsumer_services
AFBG,OOTC,business_services,businessConsumer_services
AGSS,OOTC,business_services,businessConsumer_services
AMN,XNYS,business_services,businessConsumer_services
ANPCY,OOTC,business_services,businessConsumer_services
AQMS,XNAS,business_services,businessConsumer_services
ARCVF,OOTC,business_services,businessConsumer_services
ARCAY,OOTC,business_services,businessConsumer_services
ARIS,XNYS,business_services,businessConsumer_services
ARMV,OOTC,business_services,businessConsumer_services
ABXXD,OOTC,computer_services,businessConsumer_services
ATHC,OOTC,computer_services,businessConsumer_services
ADN1,XETR,computer_services,businessConsumer_services
AFRM,XNAS,computer_services,businessConsumer_services
AGMH,XNAS,computer_services,businessConsumer_services
ALYA,XNAS,computer_services,businessConsumer_services
AMADF,OOTC,computer_services,businessConsumer_services
AI3A,XETR,computer_services,businessConsumer_services
AMADY,OOTC,computer_services,businessConsumer_services
APLD,XNAS,computer_services,businessConsumer_services
ARC,XNYS,computer_services,businessConsumer_services
AMK,XNYS,computer_services,businessConsumer_services
AEXAY,OOTC,computer_services,businessConsumer_services
AXI,XETR,computer_services,businessConsumer_services
3IT,XETR,computer_services,businessConsumer_services
AUGX,XNAS,computer_services,businessConsumer_services
ALBT,XNAS,computer_services,businessConsumer_services
BC8,XETR,computer_services,businessConsumer_services
BECTY,OOTC,computer_services,businessConsumer_services
BMTX,XASE,computer_services,businessConsumer_services
BR,XNYS,computer_services,businessConsumer_services
CACI,XNYS,computer_services,businessConsumer_services
COK,XETR,computer_services,businessConsumer_services
CAPMF,OOTC,computer_services,businessConsumer_services
CGM,XETR,computer_services,businessConsumer_services
123F,XETR,consumer_services,businessConsumer_services
COE,XASE,consumer_services,businessConsumer_services
AFYA,XNAS,consumer_services,businessConsumer_services
AMBO,XASE,consumer_services,businessConsumer_services
APEI,XNAS,consumer_services,businessConsumer_services
ANICF,OOTC,consumer_services,businessConsumer_services
AABB,OOTC,consumer_services,businessConsumer_services
ASPU,OOTC,consumer_services,businessConsumer_services
BSEFY,OOTC,consumer_services,businessConsumer_services
BFAM,XNYS,consumer_services,businessConsumer_services
BEDU,XNYS,consumer_services,businessConsumer_services
BMBL,XNAS,consumer_services,businessConsumer_services
CRFU,OOTC,consumer_services,businessConsumer_services
CSV,XNYS,consumer_services,businessConsumer_services
CHGG,XNYS,consumer_services,businessConsumer_services
CEGHF,OOTC,consumer_services,businessConsumer_services
CLEU,XNAS,consumer_services,businessConsumer_services
COGNY,OOTC,consumer_services,businessConsumer_services
COUR,XNYS,consumer_services,businessConsumer_services
DZCA,OOTC,consumer_services,businessConsumer_services
EEIQ,XNAS,consumer_services,businessConsumer_services
EWCZ,XNAS,consumer_services,businessConsumer_services
FHSEY,OOTC,consumer_services,businessConsumer_services
Cayman,XNYS,consumer_services,businessConsumer_services
FSHUF,OOTC,consumer_services,businessConsumer_services
GOTU,XNYS,consumer_services,businessConsumer_services
GNS,XASE,consumer_services,businessConsumer_services
GSUN,XNAS,consumer_services,businessConsumer_services
GHC,XNYS,consumer_services,businessConsumer_services
LOPE,XNAS,consumer_services,businessConsumer_services
GEHI,XNYS,consumer_services,businessConsumer_services
IDPUF,OOTC,consumer_services,businessConsumer_services
KUKE,XNYS,consumer_services,businessConsumer_services
KPEA,OOTC,consumer_services,businessConsumer_services
LAUR,XNAS,consumer_services,businessConsumer_services
LXEH,XNAS,consumer_services,businessConsumer_services
Z29,XETR,diversified_holding,businessConsumer_services
MMM,XNYS,diversified_holding,businessConsumer_services
MMM,XETR,diversified_holding,businessConsumer_services
ALFFF,OOTC,diversified_holding,businessConsumer_services
ALGGY,OOTC,diversified_holding,businessConsumer_services
AMNC,OOTC,diversified_holding,businessConsumer_services
AMNCB,OOTC,diversified_holding,businessConsumer_services
3D6,XETR,diversified_holding,businessConsumer_services
BRRAY,OOTC,diversified_holding,businessConsumer_services
BJINF,OOTC,diversified_holding,businessConsumer_services
BRYAF,OOTC,diversified_holding,businessConsumer_services
BRK.A,XNYS,diversified_holding,businessConsumer_services
BRK.B,XNYS,diversified_holding,businessConsumer_services
BRYN,XETR,diversified_holding,businessConsumer_services
BDVSY,OOTC,diversified_holding,businessConsumer_services
CTPCF,OOTC,diversified_holding,businessConsumer_services
CTPCY,OOTC,diversified_holding,businessConsumer_services
CKHUF,OOTC,diversified_holding,businessConsumer_services
CKHUY,OOTC,diversified_holding,businessConsumer_services
CKISF,OOTC,diversified_holding,businessConsumer_services
CKISY,OOTC,diversified_holding,businessConsumer_services
FCODF,OOTC,diversified_holding,businessConsumer_services
CODI,XNYS,diversified_holding,businessConsumer_services
CODI.PRA,XNYS,diversified_holding,businessConsumer_services
CODI.PRC,XNYS,diversified_holding,businessConsumer_services
CODI.PRB,XNYS,diversified_holding,businessConsumer_services
DIIBF,OOTC,diversified_holding,businessConsumer_services
DDEJF,OOTC,diversified_holding,businessConsumer_services
AAN,XNYS,general_services,businessConsumer_services
ACTG,XNAS,general_services,businessConsumer_services
ADT,XNYS,general_services,businessConsumer_services
AER,XNYS,general_services,businessConsumer_services
AFDG,OOTC,general_services,businessConsumer_services
AL,XNYS,general_services,businessConsumer_services
AL.PRA,XNYS,general_services,businessConsumer_services
ALG,XETR,general_services,businessConsumer_services
ALLE,XNYS,general_services,businessConsumer_services
AMMX,OOTC,general_services,businessConsumer_services
ASHTF,OOTC,general_services,businessConsumer_services
ASHTY,OOTC,general_services,businessConsumer_services
CAR,XNAS,general_services,businessConsumer_services
BLIAQ,OOTC,general_services,businessConsumer_services
BLIBQ,OOTC,general_services,businessConsumer_services
BDIMF,OOTC,general_services,businessConsumer_services
BYDGF,OOTC,general_services,businessConsumer_services
BRVO,OOTC,general_services,businessConsumer_services
BAER,XNAS,general_services,businessConsumer_services
BV,XNYS,general_services,businessConsumer_services
BCO,XNYS,general_services,businessConsumer_services
CWC,XETR,general_services,businessConsumer_services
CTAS,XNAS,general_services,businessConsumer_services
CTOS,XNYS,general_services,businessConsumer_services
DRTT,XNAS,general_services,businessConsumer_services
DRVN,XNAS,general_services,businessConsumer_services
DRNG,OOTC,general_services,businessConsumer_services
ETE,XETR,general_services,businessConsumer_services
EVSV,OOTC,general_services,businessConsumer_services
FINGF,OOTC,general_services,businessConsumer_services
FPAY,XNAS,general_services,businessConsumer_services
FTAI,XNAS,general_services,businessConsumer_services
FTAIP,XNAS,general_services,businessConsumer_services
FTAIM,XNAS,general_services,businessConsumer_services
FTAIO,XNAS,general_services,businessConsumer_services
FTAIN,XNAS,general_services,businessConsumer_services
FIP,XNAS,general_services,businessConsumer_services
GSL,XNYS,general_services,businessConsumer_services
Rep. 1 100th 8.75% Perp. Pfd. Series B,XNYS,general_services,businessConsumer_services
EHMEF,OOTC,general_services,businessConsumer_services
GLJ,XETR,general_services,businessConsumer_services
HEES,XNAS,general_services,businessConsumer_services
VCXA,XNAS,shell_companies,businessConsumer_services
VCXAU,XNAS,shell_companies,businessConsumer_services
VCXB.UT,XNYS,shell_companies,businessConsumer_services
VCXB,XNYS,shell_companies,businessConsumer_services
ADERU,XNAS,shell_companies,businessConsumer_services
ADER,XNAS,shell_companies,businessConsumer_services
SPV2,XETR,shell_companies,businessConsumer_services
VII,XNAS,shell_companies,businessConsumer_services
ASCA,XNAS,shell_companies,businessConsumer_services
ASCAR,XNAS,shell_companies,businessConsumer_services
ASCB,XNAS,shell_companies,businessConsumer_services
ASCBR,XNAS,shell_companies,businessConsumer_services
ENER,XNAS,shell_companies,businessConsumer_services
ENERR,XNAS,shell_companies,businessConsumer_services
ACBA,XNAS,shell_companies,businessConsumer_services
ACBAU,XNAS,shell_companies,businessConsumer_services
AVHI,XNAS,shell_companies,businessConsumer_services
AVHIU,XNAS,shell_companies,businessConsumer_services
ACAC,XNAS,shell_companies,businessConsumer_services
ACACU,XNAS,shell_companies,businessConsumer_services
ACRO.UT,XNYS,shell_companies,businessConsumer_services
ACRO,XNYS,shell_companies,businessConsumer_services
ADEX.UT,XASE,shell_companies,businessConsumer_services
ADEX,XASE,shell_companies,businessConsumer_services
ARBG,XNAS,shell_companies,businessConsumer_services
GMFIU,XNAS,shell_companies,businessConsumer_services
GMFI,XNAS,shell_companies,businessConsumer_services
AGAC.UT,XNYS,shell_companies,businessConsumer_services
AGAC,XNYS,shell_companies,businessConsumer_services
AFTR,XNYS,shell_companies,businessConsumer_services
AFTR.UT,XNYS,shell_companies,businessConsumer_services
ACMB,OOTC,shell_companies,businessConsumer_services
AIB,XNAS,shell_companies,businessConsumer_services
AIBBR ,XNAS,shell_companies,businessConsumer_services
AIMAU,XNAS,shell_companies,businessConsumer_services
AIMBU,XNAS,shell_companies,businessConsumer_services
AIXN ,OOTC,shell_companies,businessConsumer_services
ALCYU,XNAS,shell_companies,businessConsumer_services
AENT,OOTC,shell_companies,businessConsumer_services
ACOGF,OOTC,shell_companies,businessConsumer_services
ALPAU,XNAS,shell_companies,businessConsumer_services
ALPA,XNAS,shell_companies,businessConsumer_services
APTMU,XNAS,shell_companies,businessConsumer_services
APTM,XNAS,shell_companies,businessConsumer_services
ALSAU,XNAS,shell_companies,businessConsumer_services
ALSA,XNAS,shell_companies,businessConsumer_services
ALSAR,XNAS,shell_companies,businessConsumer_services
ATMCU,XNAS,shell_companies,businessConsumer_services
ATMC,XNAS,shell_companies,businessConsumer_services
ATMCR,XNAS,shell_companies,businessConsumer_services
ATMV,XNAS,shell_companies,businessConsumer_services
ATMVU,XNAS,shell_companies,businessConsumer_services
ATMVR,XNAS,shell_companies,businessConsumer_services
ACAXU,XNAS,shell_companies,businessConsumer_services
ACAX,XNAS,shell_companies,businessConsumer_services
ACAXR,XNAS,shell_companies,businessConsumer_services
ALOR,XNAS,shell_companies,businessConsumer_services
ALORU,XNAS,shell_companies,businessConsumer_services
ALCC,XNYS,shell_companies,businessConsumer_services
AEAEU,XNAS,shell_companies,businessConsumer_services
AEAE,XNAS,shell_companies,businessConsumer_services
ATAQ,XNYS,shell_companies,businessConsumer_services
ALTUU,XNAS,shell_companies,businessConsumer_services
ALTU,XNAS,shell_companies,businessConsumer_services
AAGH,OOTC,shell_companies,businessConsumer_services
AMAO,XNAS,shell_companies,businessConsumer_services
AMNE,OOTC,shell_companies,businessConsumer_services
XYZFF,OOTC,shell_companies,businessConsumer_services
ANPMF,OOTC,shell_companies,businessConsumer_services
WN NR.UT,XNYS,shell_companies,businessConsumer_services
WN NR,XNYS,shell_companies,businessConsumer_services
ANZUU,XNAS,shell_companies,businessConsumer_services
ANZU,XNAS,shell_companies,businessConsumer_services
APCA,XNYS,shell_companies,businessConsumer_services
APCA.UT,XNYS,shell_companies,businessConsumer_services
APNC,OOTC,shell_companies,businessConsumer_services
APGB,XNYS,shell_companies,businessConsumer_services
AERG,OOTC,shell_companies,businessConsumer_services
APXIU,XNAS,shell_companies,businessConsumer_services
APXI,XNAS,shell_companies,businessConsumer_services
AQUNU,XNAS,shell_companies,businessConsumer_services
AQU,XNAS,shell_companies,businessConsumer_services
AQUNR,XNAS,shell_companies,businessConsumer_services
AAC.UT,XNYS,shell_companies,businessConsumer_services
AAC,XNYS,shell_companies,businessConsumer_services
AACT.UT,XNYS,shell_companies,businessConsumer_services
AACT,XNYS,shell_companies,businessConsumer_services
ARIZ,XNAS,shell_companies,businessConsumer_services
ARIZR,XNAS,shell_companies,businessConsumer_services
AACI,XNAS,shell_companies,businessConsumer_services
AACIU,XNAS,shell_companies,businessConsumer_services
AOGOU,XNAS,shell_companies,businessConsumer_services
AOGO,XNAS,shell_companies,businessConsumer_services
ARRWU ,XNAS,shell_companies,businessConsumer_services
ARRW,XNAS,shell_companies,businessConsumer_services
ARTE,XNAS,shell_companies,businessConsumer_services
ARTEU,XNAS,shell_companies,businessConsumer_services
AVNI,OOTC,shell_companies,businessConsumer_services
ARYD,XNAS,shell_companies,businessConsumer_services
ARYE,XNAS,shell_companies,businessConsumer_services
ASKH,OOTC,shell_companies,businessConsumer_services
ACAQ.UT,XASE,shell_companies,businessConsumer_services
ACAQ,XASE,shell_companies,businessConsumer_services
ATEK.UT,XNYS,shell_companies,businessConsumer_services
ATEK,XNYS,shell_companies,businessConsumer_services
ACAHU,XNAS,shell_companies,businessConsumer_services
ACAH,XNAS,shell_companies,businessConsumer_services
ACABU,XNAS,shell_companies,businessConsumer_services
ACAB,XNAS,shell_companies,businessConsumer_services
ALSI,OOTC,shell_companies,businessConsumer_services
ATYG,OOTC,shell_companies,businessConsumer_services
ADRT,XASE,shell_companies,businessConsumer_services
ADRT.UT,XASE,shell_companies,businessConsumer_services
AFARU,XNAS,shell_companies,businessConsumer_services
AFAR,XNAS,shell_companies,businessConsumer_services
AURCU,XNAS,shell_companies,businessConsumer_services
AURC,XNAS,shell_companies,businessConsumer_services
ATAK,XNAS,shell_companies,businessConsumer_services
ATAKR,XNAS,shell_companies,businessConsumer_services
AVGDF,OOTC,shell_companies,businessConsumer_services
APMIU,XNAS,shell_companies,businessConsumer_services
APMI,XNAS,shell_companies,businessConsumer_services
BN IX,XNAS,shell_companies,businessConsumer_services
BN IXR,XNAS,shell_companies,businessConsumer_services
BYN.UT,XNYS,shell_companies,businessConsumer_services
DPSM,OOTC,consumer_electronics,technology
DDD,XNYS,consumer_electronics,technology
DDDX,OOTC,consumer_electronics,technology
ACEYY,OOTC,consumer_electronics,technology
ATCLF,OOTC,consumer_electronics,technology
AGYS,XNAS,consumer_electronics,technology
AIRG,XNAS,consumer_electronics,technology
AAPL,XNAS,consumer_electronics,technology
APC,XETR,consumer_electronics,technology
ARHTF,OOTC,consumer_electronics,technology
ALOT,XNAS,consumer_electronics,technology
ASUUY,OOTC,consumer_electronics,technology
AUOTY,OOTC,consumer_electronics,technology
BLKLF,OOTC,consumer_electronics,technology
SQ,XNYS,consumer_electronics,technology
SQ3,XETR,consumer_electronics,technology
BOXL,XNAS,consumer_electronics,technology
BRTHY,OOTC,consumer_electronics,technology
CBEX,OOTC,consumer_electronics,technology
CAJFF,OOTC,consumer_electronics,technology
CAJPY,OOTC,consumer_electronics,technology
CTLP,XNAS,consumer_electronics,technology
CTLPP,OOTC,consumer_electronics,technology
CSIOF,OOTC,consumer_electronics,technology
CSIOY,OOTC,consumer_electronics,technology
CCUR,OOTC,consumer_electronics,technology
C3RY,XETR,consumer_electronics,technology
CIRX,OOTC,consumer_electronics,technology
DAKT,XNAS,consumer_electronics,technology
DAM,XETR,consumer_electronics,technology
DM,XNYS,consumer_electronics,technology
ALFIQ,OOTC,emerging_technologies,technology
APETF,OOTC,emerging_technologies,technology
AMST,XNAS,emerging_technologies,technology
APPEF,OOTC,emerging_technologies,technology
APXYY,OOTC,emerging_technologies,technology
ARBB,XNAS,emerging_technologies,technology
ARWYF,OOTCN,emerging_technologies,technology
ASPD,OOTC,emerging_technologies,technology
BEWF F,OOTC,emerging_technologies,technology
BHPA,OOTC,emerging_technologies,technology
BBAI,XNYS,emerging_technologies,technology
BBK CF,OOTC,emerging_technologies,technology
BRDS,XNYS,emerging_technologies,technology
BTB,XNAS,emerging_technologies,technology
BITF,XNAS,emerging_technologies,technology
BMNR,OOTC,emerging_technologies,technology
BLDE,XNAS,emerging_technologies,technology
BLQC,OOTC,emerging_technologies,technology
BRQS,XNAS,emerging_technologies,technology
BULT,OOTC,emerging_technologies,technology
BFRG,XNAS,emerging_technologies,technology
AI,XNYS,emerging_technologies,technology
CPTN,XNAS,emerging_technologies,technology
CRNC,XNAS,emerging_technologies,technology
CFCI,OOTC,emerging_technologies,technology
CORZQ,OOTC,emerging_technologies,technology
CYFRF,OOTC,emerging_technologies,technology
DADA,XNAS,emerging_technologies,technology
DVNCF,OOTC,emerging_technologies,technology
DRKTF,OOTC,emerging_technologies,technology
DRKTY,OOTC,emerging_technologies,technology
DROOF,OOTC,emerging_technologies,technology
DLVHF,OOTC,emerging_technologies,technology
DHER,XETR,emerging_technologies,technology
DELHY,OOTC,emerging_technologies,technology
DGNOF,OOTC,emerging_technologies,technology
DIDIY,OOTC,emerging_technologies,technology
DGGXF,OOTC,emerging_technologies,technology
DCSX,OOTC,emerging_technologies,technology
DOMA,XNYS,emerging_technologies,technology
DASH,XNYS,emerging_technologies,technology
DT,XNYS,emerging_technologies,technology
SPOFF,OOTC,emerging_technologies,technology
OCTO,XNAS,emerging_technologies,technology
EBZT,OOTC,emerging_technologies,technology
EXOD,OOTC,emerging_technologies,technology
FDCT,OOTC,emerging_technologies,technology
GTCH,OOTC,emerging_technologies,technology
WGS,XNAS,emerging_technologies,technology
AICOF,OOTC,emerging_technologies,technology
G,XNYS,emerging_technologies,technology
GPLS,OOTC,emerging_technologies,technology
GETR,XNYS,emerging_technologies,technology
VRAR,XNAS,emerging_technologies,technology
GRRR,XNAS,emerging_technologies,technology
GRAB,XNAS,emerging_technologies,technology
REGRF,OOTC,emerging_technologies,technology
LGLOF,OOTC,emerging_technologies,technology
GZIC,OOTC,emerging_technologies,technology
THDS,OOTC,internet_online,technology
ACCD,XNAS,internet_online,technology
AKOM,OOTC,internet_online,technology
AFFU,OOTC,internet_online,technology
AKAM,XNAS,internet_online,technology
AK3,XETR,internet_online,technology
ALRM,XNAS,internet_online,technology
ATMH,OOTC,internet_online,technology
ALEGF,OOTC,internet_online,technology
ABEA,XETR,internet_online,technology
GOOGL,XNAS,internet_online,technology
ABEC,XETRN,internet_online,technology
GOOG,XNAS,internet_online,technology
ATGN,OOTC,internet_online,technology
AMPDF,OOTC,internet_online,technology
ANGI,XNAS,internet_online,technology
APHD,OOTC,internet_online,technology
APPF,XNAS,internet_online,technology
ANET,XNYS,internet_online,technology
ASUR,XNAS,internet_online,technology
ABIT,OOTC,internet_online,technology
ATDRY,OOTC,internet_online,technology
AVTA,XNAS,internet_online,technology
BAIDF,OOTC,internet_online,technology
BIDU,XNAS,internet_online,technology
RTC,XNAS,internet_online,technology
BCNN,OOTC,internet_online,technology
BZUN,XNAS,internet_online,technology
BIGC,XNAS,internet_online,technology
BILL,XNYS,internet_online,technology
BLND,XNYS,internet_online,technology
BQ,XNYS,internet_online,technology
BMTM,OOTC,internet_online,technology
BCOV,XNAS,internet_online,technology
CARG,XNAS,internet_online,technology
CARS,XNYS,internet_online,technology
CASS,XNAS,internet_online,technology
CNFN,OOTC,internet_online,technology
IICN,OOTC,internet_online,technology
RAASY,OOTC,internet_online,technology
NET,XNYS,internet_online,technology
CCOI,XNAS,internet_online,technology
CCSI,XNAS,internet_online,technology
CPADF,OOTC,internet_online,technology
CVOSF,OOTC,internet_online,technology
VOCL,OOTC,internet_online,technology
CXDO,XNAS,internet_online,technology
DTST,XNAS,internet_online,technology
DDOG,XNAS,internet_online,technology
CATV,OOTC,networking,technology
ATEN,XNYS,networking,technology
ASNS,XNAS,networking,technology
AEY,XNAS,networking,technology
ADTN,XNAS,networking,technology
QH9,XETR,networking,technology
ADV,XETR,networking,technology
AERS,OOTC,networking,technology
MIMO,XASE,networking,technology
ALVRQ,OOTC,networking,technology
AAOI,XNAS,networking,technology
ARRY,XNAS,networking,technology
AUDC,XNAS,networking,technology
AVNW,XNAS,networking,technology
BYLTF,OOTC,networking,technology
BTNY,OOTC,networking,technology
BKTI,XASE,networking,technology
BDRL,OOTC,networking,technology
International,OOTC,networking,technology
International,OOTC,networking,technology
CAMP,XNAS,networking,technology
CMBM,XNAS,networking,technology
CYSNF,OOTC,networking,technology
CEOS,OOTC,networking,technology
CEK,XETR,networking,technology
CRNT,XNAS,networking,technology
CRMK,OOTC,networking,technology
CNTFY,OOTC,networking,technology
CIBY,OOTC,networking,technology
CIEN,XNYS,networking,technology
CIE1,XETR,networking,technology
CIS,XETR,networking,technology
CSCO,XNAS,networking,technology
CLRO,XNAS,networking,technology
CODA,XNAS,networking,technology
COMM,XNAS,networking,technology
CMTL,XNAS,networking,technology
CITLF,OOTC,networking,technology
CYBD,OOTC,networking,technology
CYCA,OOTC,networking,technology
DGII,XNAS,networking,technology
FPLSF,OOTC,semiconductors,technology
ACMR,XNAS,semiconductors,technology
ADEA,XNAS,semiconductors,technology
AEIS,XNAS,semiconductors,technology
AMD,XETR,semiconductors,technology
AMD,XNAS,semiconductors,technology
ATEYY,OOTC,semiconductors,technology
AEHR,XNAS,semiconductors,technology
AIXXF,OOTC,semiconductors,technology
AIXA,XETR,semiconductors,technology
AIIXY,OOTC,semiconductors,technology
AKTS,XNAS,semiconductors,technology
ALGM,XNAS,semiconductors,technology
AOSL,XNAS,semiconductors,technology
AWE VF,OOTC,semiconductors,technology
AMBA,XNAS,semiconductors,technology
AAIRF,OOTC,semiconductors,technology
AMKR,XNAS,semiconductors,technology
AUKUF,OOTC,semiconductors,technology
AMSSY,OOTC,semiconductors,technology
ASYS,XNAS,semiconductors,technology
ADI,XNAS,semiconductors,technology
AP2,XETR,semiconductors,technology
AMAT,XNAS,semiconductors,technology
AIP,XNAS,semiconductors,technology
ASX,XNYS,semiconductors,technology
ASMIY,OOTC,semiconductors,technology
ASMXF,OOTC,semiconductors,technology
ASME,XETR,semiconductors,technology
ASMLF,OOTC,semiconductors,technology
ASML,XNAS,semiconductors,technology
ASMVY,OOTC,semiconductors,technology
ATOM,XNAS,semiconductors,technology
ACLS,XNAS,semiconductors,technology
AXTI,XNAS,semiconductors,technology
AZTA,XNAS,semiconductors,technology
BOSC,XNAS,semiconductors,technology
BESVF,OOTC,semiconductors,technology
BSI,XETR,semiconductors,technology
BESIY,OOTC,semiconductors,technology
OONEF,OOTC,software,technology
RETC,OOTC,software,technology
YQ,XNAS,software,technology
TWOU,XNAS,software,technology
ABST,XNAS,software,technology
LOQPF,OOTC,software,technology
ACIW,XNAS,software,technology
AKRFF,OOTC,software,technology
ACON,XNAS,software,technology
ADCOF,OOTC,software,technology
ADBE,XNAS,software,technology
ADB,XETR,software,technology
ACTHF,OOTC,software,technology
ABX,XETR,software,technology
AHI,XNAS,software,technology
MYZQF,OOTC,software,technology
AVOI,OOTC,software,technology
AIFS,OOTC,software,technology
AGIL,XNAS,software,technology
API,XNAS,software,technology
AIAD,OOTC,software,technology
AIMLF,OOTC,software,technology
AIRS,XNAS,software,technology
KERN,XNAS,software,technology
AKLI,XNAS,software,technology
ALAR,XNAS,software,technology
ALIT,XNYS,software,technology
ALHC,XNAS,software,technology
ALKT,XNAS,software,technology
A1OS,XETR,software,technology
AEIN,XETR,software,technology
ALLT,XNAS,software,technology
ALTR,XNAS,software,technology
AYX,XNYS,software,technology
ALMFF,OOTC,software,technology
AHIX,OOTC,software,technology
DOX,XNAS,software,technology
AMSWA,XNAS,software,technology
AMWK ,OOTC,software,technology
AMJT,OOTC,software,technology
AMPL,XNAS,software,technology
HKD,XNYS,software,technology
ATIXF,OOTC,software,technology
ANSS,XNAS,software,technology
APGT,OOTC,software,technology
APPN,XNAS,software,technology
APVS,OOTC,software,technology
ALDS,OOTC,software,technology
APP,XNAS,software,technology
ASFT,OOTC,software,technology
SWR M,OOTC,software,technology
APCX,XNAS,software,technology
APYP,OOTC,software,technology
APTY,OOTC,software,technology
ARCE,XNAS,software,technology
ARGW,OOTC,software,technology
ARQQ,XNAS,software,technology
ASAN,XNYS,software,technology
New,XNAS,software,technology
